,text,reason,label
0,frozen properly in tablet,want its multilaser...,0
1,get a photo oppo,want more background...,0
2,want to would,everyone understand language subtitle,0
3,everything ok home app and online for,good online website,0
4,cannotget at this school,want go a,0
5,even try to regestration freeze card can,mathematics and,0
6,since last quit app of work,2017 android app since last update,0
7,know a anti - host bite ।,actions enable co - ordination,0
8,really the space for bad,app times much memory the,0
9,android option play phone iphone option playstation speaker phone plus multiple devices,bluetooth speaker connect usb connect,0
10,download download update,paid download update,0
11,disney plethora different tv and tv set that see would highly recommend everyone,2004 good day show,0
12,red version still uses the application generally useless,newer version features improvement,0
13,hotstar station and,unable a google android tv,0
14,program procedure code display,get in code,0
15,kurdish language,want my language,0
16,site connection at open app meet,internet cafe work,0
17,option select home video,want select foods and,0
18,always load...,app and load...,0
19,routinely force users app make action when,restart needs frequently changed issue,0
20,they support ukrainian partial,want use if i,0
21,connect his phone,to connect devices,0
22,high tech internet to get stick,video for get stick by,0
23,the link error problem,want...,0
24,with little clearer voice on,maybe better voice please,0
25,sometimes a freeze,screen most frequently,0
26,release of app good,love app bad,0
27,open doors freeze close up shortly if,line is automatically close,0
28,network in video match voice...,all things audio video,0
29,zoom lag everywhere soon as also classmates,zoom a la,0
30,currently unavailable ukraine,date unavailable ukraine,0
31,share videos to take easier easier too think,share videos make simple,0
32,find difficult update take view meet,want update zoom pro app,0
33,but cater its users,zoom cater the galaxy,0
34,understand get dat apple off,want any apple...,0
35,one free smart tv,unable install and,0
36,think some better ！,disney better is,0
37,green button,want that sound what,0
38,google app watch 2014,she watch cricket boy,0
39,getting it picture - in - picture with iphones,still picture picture mode again,0
40,please allow for not utilize professional quality camera,² no background,0
41,would also better add r [UNK],on screen brightness changes option,0
42,and that glitch,want access a,0
43,plss zoom zoom fix theory even physics lecture,want attend...,0
44,would nice come see...,want view with can screen,0
45,playstation entertainment app video entertainment cartoon,good times movies series featured,0
46,app 2007 android,android app in,0
47,be difficult confuse the two lose time one deliver missions stop talk game bad,we need improvement,0
48,app hang every minute and,app hang go,0
49,espn suck was,not bad,0
50,former dating with,but persist reinstall final,0
51,zoom the lot ।,app vol,0
52,with live television only match available,low quality bad music match,0
53,worst app hosting network issue from 2014,face another connection that,0
54,year 2010 better battery performance,a better battery ।,0
55,reference especially to emoticons beautiful,continue with,0
56,find face forever,want i an filter,0
57,add background ॥,please add background,0
58,her ipad cannot display the portal - face - screen,want to picture portal - split - screen ios...,0
59,please make the edit function,want double double s,0
60,even link up ॥,want the email,0
61,digital audio,want record it,0
62,public access code,want a code,0
63,coaches add new teachers,want good feature...,0
64,upper monthly fee,against the charge 1 month,0
65,please offer him refund,want s,0
66,application version copy link paste create lesson plans appear,want null and paste link,0
67,episodes magazine,burn out episodes list,0
68,put on back screen,want put zoom in here,0
69,3 best app online in min,want sex in time limit,0
70,commercial quality poor,sound quality...,0
71,useful if distance learn become better come through...,good distance meant,0
72,good news bible ॥,2012 spiritual meet,0
73,shame disney work as box version,unable at disney kids tv,0
74,could give star minor glitches devices unable use background blur sometimes quite correct vision test,want blur background track ।,0
75,video buffer poor continuously pumping buffer,video keep us,0
76,remote control connect school,want connect you,0
77,even without any device,want because,0
78,subtitle really human ．,2 x,0
79,35 ।,want inside you,0
80,active option remove continue watch take,want more videos continue video list,0
81,whenever connected to single device get log automatically,get a log log second for,0
82,will get cut lag short,video audio for,0
83,may fire play,a play of fire,0
84,leadership teams creativity team developers,good when,0
85,but everybody elses chat,want to,0
86,sometimes say they will,virtual connect server,0
87,other option,rookie record option,0
88,zoom amaze you anywhere or sometimes they go,she amaze,0
89,perfect working environment..,educational minor,0
90,then perfect its recall function,want in recall please,0
91,video multi task,x multi task,0
92,department store,want both items,0
93,play videos happen automatically home screen stop action minimize sometimes locked cameras close,video games play background player app,0
94,please change the screen issue,with the compatibility issue moto,0
95,last update may completely change from russian settings option quick selection,want has another is,0
96,get disney plus sure let walter do,some use either disney bundle,0
97,global conference log,the login when,0
98,good now let them say app store be older,windows enter app,0
99,or even space,less even space,0
100,1 ॥,registration database...,0
101,many personalities on television would love watch,want social platform,0
102,other group members or place,group leader change [UNK],0
103,need better somehow connect she,skills connect people,0
104,way up session in ipad,want you session over ipad,0
105,5 sign - in game,want sign... and,0
106,upcoming youtube sync,upcoming meet a,0
107,good with virtual work,full time virtual activities,0
108,zoom meet on good friends device android virtual background option work check zoom support to try many time virtual background work please give option android mobiles,in virtual web work,0
109,could pick and see your wozap,... what...,0
110,messaging app or chat,good business the,0
111,1 ॥,only add the option,0
112,net server go try the class,move server go server join class,0
113,india join audio play phone india show drop pathetic live zoom support help,want record status but,0
114,add playback video ।,improved playback speed control but,0
115,app keep say you go when,app keep say or go with,0
116,buy put filter see put photos entrance turn button,help apply filter put photos you,0
117,truth zoom good would provide sort of profile picture,unable view him ¤,0
118,app store litle bite apps for share screen video,integrated data share feature slow,0
119,2010 best online class conduct unit,good humor class,0
120,to join browser sometimes i work,is in join browser,0
121,app good music classics 2016,app with movies,0
122,able access video,immediate access video,0
123,get here to,some use some,0
124,tragic impossible enter class time crash take out despite buy new,miccophone released despite buy old life,0
125,every time open up until,they keep get...,0
126,please change free to teachers,want mostly free resources if,0
127,please always wait under,want remove but would,0
128,able write whiteboard plus,voice share for iphone,0
129,minor complaint inability in intergeated call you,want and 4 call,0
130,app tamil times tv,good as true,0
131,camera damn good,high quality good,0
132,let that her cell phone,want good money to phone,0
133,simply impossible was,still continue study,0
134,good noise time,road cancellation good,0
135,• create group section command action,want create you,0
136,they add meet him adjust,like a meet volume,0
137,drop zoom meet problem occur occasionally try mute someone lower someone hand list change due someone unmuting raise lower hand drop mute incorrect button,face issue and mute on hand,0
138,insert voice or image for either,no open voice,0
139,whenever would not share sometimes and,a view can screen,0
140,let people die without go,i login without him,0
141,whenever using apps we get called meet,get log in,0
142,currently effective,we learn,0
143,top 30 service model green,to improve my service,0
144,online videoconferencing app bad ॥,app plant morning festival,0
145,app support at totally science,app promote ॥,0
146,app store call update,app shopping log,0
147,do watch i android,unable play at online,0
148,want watch 2,want watch you,0
149,want out your app seem outdated say new episodes owl to come,she watch new owl house i,0
150,additional option as wallpaper cell and,want set in and,0
151,text transformation functionality work,unable provide active picture mode,0
152,good tech demo conference,social apps study and,0
153,every time even their cell phone take long without open,load a in phone,0
154,post registration youtube,for register with,0
155,log enter microsoft,get your log and,0
156,helpful operations entertainment business real life,good money wealth management,0
157,1990 worst tv scene,worst app watch list same,0
158,use background ।,want any background what,0
159,please bring control onto screen,want of an bottom screen,0
160,try turn onto block kick,next login defaulted,0
161,need improve micro - tech equipment,want improve top - end business,0
162,good connection high copy quality,good overall quality,0
163,touchup looked uncertain yet,want to touchup...,0
164,1 feature set,want real camera,0
165,bad graphics a difficult hard currency game in bad apart,graphics bad data get currency game engine failure,0
166,more ads even needed subscription,get by through pay subscription,0
167,know sound disable default save save activate first return,image editing default,0
168,sometimes people interrupt,no transmission issue,0
169,smartphone way configure brighten camera video dark match phone limit end use still required automatic uninstall,want change and,0
170,work make,developed by huawei,0
171,app helpful much gamer really need animate profile or size change helpful facts like maybe people,want someone and picture,0
172,the birthdays adult entrance sign,want her birthday when,0
173,2015 app conference award,good job conduct conference meeting,0
174,screen go hard and little red icon center,lights become black except colored background icon center,0
175,and samsung tablet,unable use high,0
176,request specified size of site notification,they increase the size,0
177,could the movie want one god [UNK],unable to movies,0
178,click the load screen,desktop load screen,0
179,list possible from subscription russia,for official subscription russia,0
180,one off apps use options as cricket play,bad tv watch ।,0
181,nice is also videos option,want for another option,0
182,big phone,want his phone,0
183,latest version unknown,business update good,0
184,listen conference speaker only,short listen conference,0
185,useful about a,no family because,0
186,sometimes with their zoom settings,want rename name full version,0
187,[UNK] zoom for work jio [UNK],super zoom button work jio ॥,0
188,control error error throw application,connection for crash,0
189,excellent technology conferences many exhibitions,good group for,0
190,initial application private study group important meet people from east,good work study,0
191,link cell networks and,unable for video production phone tv,0
192,return on watch often consists from already see,i sync watch with,0
193,bumper stickers...,all that stickers,0
194,music mobile play video,a google play video,0
195,worst amateur pro meet,want enter when,0
196,this is the therefore uninstalled app,as...,0
197,use zoom but usually use ipad zoom participant zoom or blink recent years,digital flicker ipad,0
198,app great movie movies tv feature,service offers 3d movies,0
199,full save ability from connect main screen ability name meet,angels save me list,0
200,first games from annoy always download emoji every time launch,well keep download website web,0
201,i take auto play next after work,want auto play 3rd party option,0
202,app run run recently we always get error defaulted,face mask auto use app,0
203,play highlight series big weather,unable play ．,0
204,impossible split screen is part episode on,dvd split screen two part act one,0
205,how to download reach get online application cannot instal,face issue download score highest,0
206,she should take forever,load time and limit,0
207,unable share online,want share if,0
208,and like able still see interview room info at turn video,want us meet with information turn today,0
209,his comparatively good term a feature,app social feature,0
210,or find the filter,change the video filter,0
211,payment method difficult. have no option credit available,technical method difficult,0
212,lot different recently here,facebook hidden issue hulu,0
213,use exclusive to color prefer →,or use exclusive...,0
214,go zoom background open set and zoom automatically,camera switch...,0
215,put photo and,then another photo avatar,0
216,access meet call,can i use meet url,0
217,mega nice app unfortunately malfunction time access time security overload,network colors,0
218,pay online video call office meet online festival,good consistent conduct to class meet,0
219,physical ability and background music sound of conference atmosphere,the add additional music,0
220,zoom by load,bus load,0
221,especially rapidly and sometimes automatically pause,video of pause...,0
222,app encyclopedia does. but oneplus,app as one plus ।,0
223,communicate to,want two friends,0
224,my voice,you hear voice,0
225,first sign tv,the login when,0
226,take forever internet store,wind speed slow,0
227,japanese version good,mobile version only 1,0
228,lock on update terrible sound every time moved mute unmute micro way disable,latest generation in audio issue,0
229,allow the above without enough screen space tablet,want see in,0
230,the sound despite fiber...,sound quality through twisted fiber connection,0
231,career advice app slow,slow slow,0
232,red switch dutch switches please,want dutch republic and support,0
233,know to it corner like,want put down outside and,0
234,always need this file system terrible,smart system to update,0
235,to replace avatar feature video,now replace on picture video,0
236,think that could be profile picture option group equally well,want more profile at group,0
237,2 recommend microsoft office instead,microsoft is better,0
238,app create trouble update page cannot control feature file video screen save start,if control would update,0
239,blue screen,no share screen,0
240,watch that ad second highlight [UNK],television ads frequently,0
241,break room feature available via phone,ladies room feature available online version,0
242,face for voice,low quality voice,0
243,perfect its students and workers,ua students office online,0
244,call sign sign delay,sign language of time consume,0
245,able for old fashioned dramas also,good weekend classic channel content,0
246,or offers options like background option ।,version with background option,0
247,unacceptable process mirror image audio natively application want use android device mirror video tv google screen cast able use google edge app audio mirror mute ridiculous,see my audio video,0
248,internet 3 times long time,internet works badly,0
249,watched us admit it better,a better,0
250,netflix may take losses slightly better and experience,know better,0
251,several time racers enter conference and give the error turn pc go,want that other link,0
252,please enable other discovery options when mobiles,in photo effect android will,0
253,stop its connection but,app connection storage unit,0
254,a business worth money sound loud,too loud,0
255,watch hulu completely open down thing,an online screen launch app,0
256,later picture options change but,want her that image,0
257,double pause live bug,click pause stop bug,0
258,mobile platform zoom app instal,zoom lens §,0
259,south off right leave instead,unable with current function,0
260,increased write pen pressure would cut line width sharply,to write work pressure cutoff,0
261,open to,want the group,0
262,app in long or long time download,app at download time...,0
263,off loud,ads with content,0
264,connect him with someone help,through that internet connection,0
265,week 1 take full bath properly ॥,want take cause,0
266,thing feel could improve passcode while populate automatically meet their list link,passcode need import and meet criteria with link,0
267,sometimes screen save screen freeze flicker move,screen flicker ॥,0
268,worth it is mediocre title,app service using,0
269,would like or block incoming phone call zoom meet button make take a delay switch back meet audio even ignore call,want block is zoom if,0
270,ipad app include,ipad so bad,0
271,protein interactions,good ।,0
272,please meet,a virtual meet,0
273,trash app to,unable install and for,0
274,update zoom chorus,want store app,0
275,who come enter meet with emojis,want t meet ।,0
276,zoom meet password you correctly set say yes,display incorrect password use correct statement,0
277,visit britannia interactive,unable use online games,0
278,problems like poor communication quality voice services connect without,audio and quality software equipment network connection issue,0
279,need faster development application access procedures,want it faster,0
280,for help apps lockdown,good app calling,0
281,network record still strong,dynamic stability poor,0
282,best app feature category,stop the meet chat,0
283,awkward or idiotic story best worst,story mode for,0
284,members receive phone calls interrupt,notifications of data,0
285,one good app ever see mainly about tv show like biggboss malayalam,get bad blog bigboss video program,0
286,know navigate [UNK],want everything app,0
287,put a zoom on,please update your picture,0
288,with utterly incapable connect forever,hard connect phone,0
289,need the bite and can add moveable background,want something moveable with,0
290,memory function difficult,dense backdrop and,0
291,easy find...,app download install,0
292,please correct turn orientation lock function work : p lease on turn location keys function,and turn the lock,0
293,anybody ever make id no,want all you app,0
294,hot app stay charge charge long time watch disney bad app call load,app load use load,0
295,art volume,want volume i...,0
296,internet poll key work,operation freeze work,0
297,useful for this time,bring children first time,0
298,please please connect audio bluetooth on android. com connect,want connect to,0
299,adult videos subscription tv subscription,unable play video free online,0
300,key tap unmute button down...,scene 2 appear,0
301,espn subscription cable access certain program,television watch espn,0
302,longer power tablet,app compatible is,0
303,change rate method,want lack of method,0
304,speakers will reach via bluetooth,want in my bluetooth speaker,0
305,link for all the time delete,want access god,0
306,option list recur meet participants hassle click bottom save passcode every time,want sex or meet,0
307,easily log account numbers and try anything,want them that,0
308,for no long time login,take care if,0
309,airplay for connect,unable connect up,0
310,automate file system to,chat bot in,0
311,app of sign ।,double freeze sign with,0
312,money could buy background,towards the background,0
313,suitable distance high,direct distance learn,0
314,big deal people,we manage people,0
315,hulu web website,maintain one bug app,0
316,no app yet update appear update files,uninstalled app still still open ।,0
317,background radar interface,further reviews need improvement,0
318,app help fine time update open art pixel,unable open app able live,0
319,reverse zoom pro,want update for search plan,0
320,satellite image,now delete and,0
321,small marine cliffs permanent,poor red cliffs,0
322,application miss candidate ।,app for background,0
323,go zoom,want more app,0
324,hold calm,want hold ।,0
325,stay longer and friendly,disney kid usa,0
326,some zoom feature enable us a page still keep getting awesome,2005 album feature good,0
327,really hard phone meet laptop search on fourth google app,desktop connect online laptop,0
328,bad or even so,unable...,0
329,option touch menu bar options mute unmute would hear,want toggle character mode with spacebar,0
330,take a time before manage log,a take free login,0
331,need background now,want but no picture,0
332,official recommend website,login information site,0
333,like option hide for users youtube,no hide camera,0
334,please update filter filter work on like ipad...,want use face down for,0
335,make everything free and,want him free,0
336,the standard edition install,device install or settings,0
337,filter on,want filter ¡,0
338,total zoom cloud project,face of zoom cloud ।,0
339,contestant profile,video select profile,0
340,lose of home account pro plan,total access organizer defaulted,0
341,monday upgrade mean longer of zoom during safari limit feature on,add another zoom ipad,0
342,android work ipad browser version,electronic work ipad button,0
343,passwords key for hit,nice hard game hit,0
344,want the movie,want watch that,0
345,and slide and rotate mobile,want to slide...,0
346,software developers often crash remotely,app crash online,0
347,add and create account,check create account,0
348,passwords in device need put work every time use less update,wheel as device,0
349,problem solve or reconnect ring,the connect meet,0
350,and app warn appear fully available to regions,unable from app certain project,0
351,let put them like,want input directly from,0
352,a cloud vision app,good app music magazine,0
353,every desktop app in service delete,contents delete,0
354,me kid,app good website,0
355,app work on vertual background of youtube,app work properly or good,0
356,odisha state mrd,bad cow ।,0
357,install russian in,to install russian...,0
358,formula for class problem,not error join ॥,0
359,computer copy paste password modify computer programs paste,want a paste would,0
360,set profile has...,the set profile,0
361,able do some see,want i brothers episodes,0
362,open site page info,no access home where,0
363,credit account,want open i,0
364,slide show available online,hulu video 2015,0
365,key change settings authenticator...,major change two factor authentication is authenticator message,0
366,suitable to class §,good christmas service gather,0
367,go help lot of shut quarantine back once,good was,0
368,nice room even though... birth month of,want your room,0
369,show before,unable load unknown,0
370,would it finalize digital iphone connect dual pair headphones via bluetooth,want connect triple pair headphones on a,0
371,participants focus to,national focus breakout,0
372,load loops will run continuously,unable load ．,0
373,perfect in - car auto mode partial,auto rotation partial,0
374,frustrate for money stream service find page from,director of stream service,0
375,android owners require for only one download,android blue,0
376,sign pay message pay provider,sign tv provider well known via,0
377,whenever in call to app hang crash,app supported playback,0
378,bad highly average rating,good usage bad,0
379,students have bad low see option increase quality besides class teachers bore except regarding physical education,graphics basic basic,0
380,everyone say some turkish language translate to turkish simple option,want more turkish...,0
381,please cpl time yet save... please,test passcodes ।,0
382,iphone app name meet,interview working conduct online meet interview,0
383,ios open app online,for open app version,0
384,public flag display section,east indian fried emoji logo,0
385,musical but unfortunately audio miss,audio miss ॥,0
386,google pls social background android devices like super phone would great help beacuse people laptops,it put out android devices,0
387,access...,want access god,0
388,may automatically withdraw money and marketing plan business,customer connect card plan,0
389,try re - fitting every fix to,app app solve ।,0
390,let even be,want to,0
391,money spend ads app,just spend time,0
392,sorry about love,before the zumbang,0
393,social privacy app,app privacy code unknown,0
394,look in section try again show select episodes,unable source videos complete list,0
395,you cannot and cast stupid reason thinking,mirror mirror screen,0
396,blame for everything fine,official connect facebook,0
397,support mobile and iphone tablet,android apps support,0
398,find difficult if take 4 mb,want to time take memory space,0
399,connect audio smart mobile sync phone tell me something,microsoft connect apple smart tv,0
400,open and access the write wrong try,receive smart phone code message,0
401,nice view meet,to you chart,0
402,to zoom work,promotional video,0
403,unable update since last tour,want update version,0
404,last can join in window : (,nice join your room,0
405,latest update file mode standard,for use for picture mode latest ।,0
406,worst app ever see smart products get no use,poor quality [UNK] [UNK],0
407,nice app shopping is cheaper at netflix,mobile apps better netflix,0
408,zoom back first,want my flash phone,0
409,used by teachers,app online teachers,0
410,sometimes want food ।,a continue episode,0
411,would amaze app work to,want app with...,0
412,s background p ia,do you background feature,0
413,her phone number,want verify or you,0
414,open one to,a access viber so,0
415,an excellent education app,good reads connect online meet,0
416,is its blur process,and use... blur,0
417,change to use will,unable members of background mobie,0
418,take me... net,battery data bank degree,0
419,speak arabic language,learning arabic in support,0
420,update videos save video properly,fair play reserves update,0
421,always to meet app always kind of upgrade eat data way much,will push out update frequent,0
422,vary from app of,android version of,0
423,ability lock breakout lock inside similar way lock door help others join,want of my room inside,0
424,or work tell,new work,0
425,book review...,want know who the,0
426,a set speaker volume was without high,sound thy lowest ॥,0
427,i cannot recover,password for recover,0
428,get it down properly,episode in jio tv,0
429,video show youtube,unable record ॥,0
430,sometimes screen times,total freeze,0
431,register and,want storage devices,0
432,but keep go single,audio systems in sync,0
433,... code is correct,to pass,0
434,that share sound time to photos could help,want free audio,0
435,same sexy voice satting it aap,bridge work,0
436,ability from computer ।,you switch computer i,0
437,upgrade pro and hang safe somewhere,want upgrade if,0
438,desktop app connect just for care things,good grief meet,0
439,sorry disney of,unable watch syndicated programming disney,0
440,send ads to movies,two together middle movies,0
441,google duo for easier [UNK],pop duo easier,0
442,put bug on application continue appear video well remove annoy bug,for exit application,0
443,they make the noise,face against microphone,0
444,every time moves on every time learn online need enter online,user enter enters multiple windows,0
445,points without breaking conference,i hear audio through headphones,0
446,great quality great,poor air quality,0
447,free app under windows totally bad,windows app store,0
448,wonder words of address,want i will address,0
449,pls teach student teach online,call me zoom pfp,0
450,temporary buffer even during internet connection,app sold bad despite running internet,0
451,consistently pleasantly variability consistent improvement build ups,improve new users,0
452,[UNK] recall hindi subtitle,want what also includes serials,0
453,supposedly profile of...,denotes enter profile resigned,0
454,always drop make room radio network version,i disconnect your room,0
455,audio performance,all choppy,0
456,light on background option settings,remote switch virtual drive,0
457,rotate with turn,want turn into here,0
458,problem 2 cannot see betwwn beat,want pause as,0
459,need change many apps largely settings computer android differences and limitations devices use stereo audio device limitation tell stereo audio meter android device,reduced use of audio android,0
460,see participant menu and main column,want to views menu,0
461,such good that people want watch disney,net good watch original content,0
462,see app model zero background filter,app talk filter,0
463,also two tabs from and,based on the recurrent meet,0
464,long time hulu and app start work a decades ago,unable into video and,0
465,cannot use everything except function limit any cannot share videos sound ipad among things like computers,quick share videos,0
466,add on,need add no,0
467,sometimes quick freeze,image freeze on,0
468,city connect members,good connect...,0
469,game show watch live results,get your visitors live match,0
470,able move them smoothly every minute zoom error show error,i join his room,0
471,unable enter dead old,want da year [UNK],0
472,terrible gameplay poor mission bad character game ।,football game bad,0
473,could use it not,by improve the interface,0
474,problem could because email already go help online or,please enter email,0
475,can remove app the map early possible,but remove google google store,0
476,application work turn or balance account,connect to app,0
477,keep dancing episode one the impossible 2 episodes work,unable keep most days,0
478,face problem sound up message,want hear to share the,0
479,project connect server,unable connect cause,0
480,lag third class...,want class...,0
481,tablet tv lcd television mobile cannection,want use the lcd version,0
482,even let his age stay forever open to change date even use app,pdf input date in,0
483,sign in account full password,want you gmail without ask,0
484,application crash lot understand meet also take long time work do please take,app crash facebook,0
485,please add credit card possible id possible,with mir card is option,0
486,3d smart tvs has,want compatibility but why,0
487,using laptop keep mute or irritate daily...,app digital mute,0
488,global virtual tv one,lets share virtual stuff,0
489,they configure them should,want me app,0
490,connect people by travel slow,three people slow,0
491,get live record,good high quality record,0
492,dear please please add the phone,these add mask 2,0
493,change colour background,want put background information...,0
494,use much data than video 。,data are high unable download video failure,0
495,this application make us all class,app make you have class,0
496,great for every group come together,good public communication,0
497,app good would much better background come phone tablet in opened box,or add original background,0
498,zoom freeze image video box store hear unexpected time,zoom stereo surround sound,0
499,try cancel and,refrain ¤,0
500,video will improve...,video quality management would,0
501,file send to... sometimes cancel,file send and,0
502,boys constantly interrupt,communication constantly [UNK],0
503,current system,want activate cause,0
504,interactive with biggest names could easily block,get it interactive ।,0
505,easy use no ．,easy around adults very,0
506,linux chromecast plain stream,adobe build chromecast,0
507,too much delay,going slow,0
508,sometimes connection pull and meet,dark voice disconnect,0
509,tv metro,people experience bad,0
510,video regularly the,video art,0
511,open 0,want open a school,0
512,move automatically to connect,class of starting,0
513,features a longer safe drive mode,want of safe desktop mode,0
514,change change...,create change image,0
515,pc player install box hlp,unable if,0
516,20 months view progress save live movie show movies via chromecast,unable sa watch episodes website,0
517,nice work please minor problem,should stop work,0
518,no change password,personal password feature removal,0
519,application of,unable use ．,0
520,to watch favourite or,unable 2 movies involved,0
521,peer upload for attachments that,clients upload their attachments,0
522,last update any longer for,the work week update,0
523,able toggle small to very,want toggle with green box,0
524,internet was poor,app poor performances of,0
525,zoom always showed up convenient recently become from,app hang on,0
526,mobile game bite limit limit find set virtual one,default version limit,0
527,good quality video,video club best,0
528,excellent engineering and development,and personal development,0
529,photo connect facebook meet ipad,works on meet ipad,0
530,try me with join audio button nothing ।,digital audio to work,0
531,make other viewing easier,mobile app search meet,0
532,graphics bad skin time of skin,want load while,0
533,best app site,good watch the,0
534,worst last call app lag badly everytime share screen even powerful machine power open background app starrs lag and,microsoft call app using,0
535,easy quick start class with,easy open first,0
536,bad news incoming on,want a call,0
537,please make option allow co - hosts host assign free use menu,test option function co - variable assign participants use ipad,0
538,wonderful connect over place deep,good marathon distance,0
539,watch movies via stream video to frame rate lag buffer with good internet connection,bite and stutter,0
540,two big,file...,0
541,progress update consume goals,new update update plus,0
542,great with my call,additional app conduct video production,0
543,or app low even one green,app bad loser,0
544,leaves support semi - existent,and service quality improvement,0
545,family profile website,rear view profile please,0
546,mastered via chromebook,app website is,0
547,would like zoom able and background and picture video like us,on app run web motion picture video,0
548,playstation experience dvd hard match show full screen,bad experience watch this tv,0
549,select videocall for add option control over video smartphones well,to add video replay control,0
550,best app video call online meet much better easier google meet quite easy meet again online high,good i conduct video and meet,0
551,app with meet screen share app questions app,his business conduct also meet screen share,0
552,know reason [UNK] ॥,want your app,0
553,use zoom app in desktop can devlope android tv,want use your mode android tv,0
554,chapter one for business,good in business,0
555,channel splash network strong live,a splash be good,0
556,easy on,log login,0
557,great create page creation...,first create a room,0
558,easily change name live chat save begin call things share chat take call retyped late attendees arrive,let change not meet,0
559,app stores get out card,want get the,0
560,great way video chat my friends facebook messenger travel application,good evening conversations,0
561,we understand western knowledge block,europeans access western people,0
562,soon heads turn and,app key for screen,0
563,entertainment videos app,good app is worthy,0
564,excellent member of class,my god,0
565,documents since november confirm account of ।,no confirm account,0
566,meet apps zoom install app zoom install build without app,things start off without app,0
567,sync the different work,missionary work,0
568,international error code page,receive error ！,0
569,is he start session,want start...,0
570,for windows open go breakout user stop key,multiple download applications go breakout audio that work,0
571,app keep send error messages require type line,possible external send error cod require program update,0
572,netflix cheaper the,a cheaper netflix,0
573,up close...,a very close caption,0
574,precious little of security,security feature common,0
575,screw you version virtual website,app virtual education,0
576,everyone attend zoom meet and,want you zoom academy,0
577,enter maximum winds,with one maximum number people,0
578,can i or ask tell number incorrect,receive incorrect male sex message,0
579,sound cut they might speak a noise time,saw only background noise,0
580,children watch movies,we watch movies brown,0
581,android tablets virtual background computer with,voice in virtual background mobie,0
582,gameplay mui poor control bad graphics deplorable bad information also evil story make sense bird bad game,gameplay is bad,0
583,always need feature ipad iphone like save contact name or also have video filter,want apps from ipad iphone,0
584,to use zoom with,google work ipad,0
585,apple app suck phone service open cam join even toggle cam slides become black,zoom cable mobile phone,0
586,hulu play in 2014,red screen monitor based roku devices,0
587,absolutely necessary app store tv programs miss,5 episodes season,0
588,app great decision bad airplay the mirror devices terrible one,want activate airplay screen and she,0
589,greater virtual peace,good virtual product,0
590,1989 great miss movie spider - man version ii,i imagine spiderman movies,0
591,team close call on select episode,it was frequently due issue,0
592,he know many others listen foreign and,but know for people with foreign language,0
593,another the development by art students teachers break brain everything work everyone,all programmers good,0
594,person web chat live mobile see file chat,and see file for,0
595,that way open long distance people,good and long distance ko,0
596,helpful app online jet lag i can take connection,join well through consume,0
597,easy use data results,easy train service,0
598,voice use background use android phone,want change once without,0
599,itunes video zoom chorus,want to zoom,0
600,dark stream quality bad android ।,buy ios version bad,0
601,nowadays her voice missing,background voice over,0
602,one last update added audio on work,cannot hear audio...,0
603,supply 4 options,weighed your options,0
604,indian language,want human language,0
605,emotionally unstable tablets,app unstable ios,0
606,control on app dial and,want an audio i,0
607,nihuevo for user machine...,can transfer some data tsar,0
608,voice mobile 2017,mobile app through,0
609,video quality with,video quality good,0
610,ads...,get long lines...,0
611,good art was quite interest,customer service degree,0
612,audio log,account and login,0
613,source google risky,want download album,0
614,notifications ridiculous honor police send notifications by calling,get into even can,0
615,able join strong,for other data,0
616,non remote class,good remote and,0
617,recommend excellent job with money give,power and worth price,0
618,music recorded since time download app,download videos for,0
619,close reload to download work,sound the play even close and,0
620,match play,mega play videos,0
621,rest second to owl a,the know status owl house festival 2011,0
622,desktop accessibility improved,desktop looks bad,0
623,app of register google google account,want to facebook off,0
624,sales are certified poorly do,bluetooth headset library of data,0
625,dance away movies childhood little girl,good watch em out,0
626,quick zoom directly tap link youtube,data launch zoom for tap link,0
627,make of participant box to,want on me participant box large,0
628,they annoy want attend to in app need update,keep ask update on and meet,0
629,nice background photo,mobile phones background,0
630,another time that,reinstall or make products...,0
631,animal abuse australia put usa,want another animal...,0
632,bring them time app let live message,message at work,0
633,download single,2 issue download,0
634,ask update update on play store please get forward...,unable to online store,0
635,suck for users upload also,image upload ।,0
636,you see love...,good work in ones,0
637,not allow the wallpaper,want... i,0
638,really good pro player suck,video player and,0
639,newest version latest version photo background tab video,virtual background company website,0
640,a blur background,want blur while,0
641,sound proof and,sound effects...,0
642,uninstalled worn outs and,at your app,0
643,online meet results,test of conduct... meet connect people,0
644,audio remote connect control,that connect so automatically,0
645,ipad with,ipad version,0
646,the error cod,hardware error check frequently,0
647,expect to add another hit over ipad,say maybe a hit wallpaper ipad,0
648,advanced grade emoji animation background,good stuff on,0
649,layout android 3d...,layout excellent style bad,0
650,want download by phone phone,unable the phone,0
651,once re - download or twice even online,other login with reinstall was,0
652,no content update worst,quick update 。,0
653,table rule,any rule cannot take,0
654,useles app cannot access user information,please remove my teacher,0
655,charge high go,price h,0
656,excellent connection good communication quality good,video quality bad quality extra funding issue,0
657,app put background like your set picture give know,want other background at,0
658,watch another 1 go back first to,to attend different episodes,0
659,on record works without see or live see also interfere presentation,just ta zoom without see participants,0
660,movie audio industry has poor quality,video sound mixing,0
661,quite good application weak and,his performance weak match,0
662,with good price,service good for,0
663,please take lot request slow smart button unresponsive,it has mute button and,0
664,hope developer optimize application better top line query language switch support application,language user interface update,0
665,all go app oh bad,graphics green,0
666,hulu acid cause,if become...,0
667,breaking the record meet,new record meet,0
668,pay auto connect and use file,internet connect auto use app,0
669,application throw me ॥,app 2013 class,0
670,great meet online sports academy,advanced yoga,0
671,progress projects professional outreach project,for personal dedication project,0
672,special photo background feature,another put together image phone,0
673,find meet go,want 3 meet 2,0
674,support emergency resolution,the standard resolution,0
675,same phone available premium option,want get other option on,0
676,fun watch for spend time pull,good and movies go,0
677,circular table,good table to,0
678,frustrate by once connect others to,want connect just ।,0
679,allow increasing time fraction,want me video,0
680,release statement test,need test and,0
681,dear the developers make possible change features for,it change icons that,0
682,helpful connect ed co - ed,according to team members,0
683,recently all macbook currently share one screen,full share screen [UNK],0
684,google app,want the app,0
685,now create x link,all create any link,0
686,higher work quality greater,net work design ।,0
687,today students donetsk society is connect,teachers connect students,0
688,in effect... go back,want go back click again because,0
689,often let alone allegedly have explicit config code although everything correct,want some ।,0
690,poor connection power audio effects use register loss constant crash freeze,app equipped with face network connection from,0
691,others place watermarks across everyone while,in your watermarks,0
692,2 cable satellite,local cable,0
693,think an idea are android phone without filter,android apps android phones bad,0
694,you watch loved movies,more watch more movies,0
695,write memory write copy load,dynamic load memory,0
696,automatically a sign for,get inside automatically,0
697,audio install at tv box use android app warn remote device,unable install too high,0
698,the open cell phone enter and ring,will receive 0 code sign unknown,0
699,hey guy tv menu hidden background unknown,want get menu available over iphone,0
700,download movies may run without internet,unable to offline the,0
701,creative industries organisations,to organise,0
702,their best apps keep in current sports events,good work sport,0
703,good app happy app now give virtual help option to mini please please give option,want get virtual tablet to ipad program,0
704,lets chat here many time,to access your room,0
705,video play on clear,loud audio loud 。,0
706,shame over no reach settings anymore,want access of join name,0
707,unfortunately the app should simply work,app performance online,0
708,work well little girl,live stream music,0
709,sign yes answer tell wrong,get your password ।,0
710,allow put in image cell color even though 2 option allow appear,want put background music after,0
711,i even make face at college,want go so,0
712,let all episodes,mp3 download episodes,0
713,ipad watch video view limit get your data,elevation view limit,0
714,link link let click search,third click link,0
715,sources agree say disney plays certain region some,books enter disney regions,0
716,help plan or assign button upgrade others plan can,want upgrade it,0
717,switch another page again meet open let longer meet interrupt hear sound behind release,want hear it...,0
718,excellent driving license...,as fee expensive,0
719,battery android auto,android auto ।,0
720,amaze app november 2014,app good luck youtube stream,0
721,connect can play minecraft will,not contact people,0
722,a delete app support costs award,please delete not,0
723,video videos sight videos,want u here hear audio,0
724,digital pcs design,good pcs ।,0
725,on emergency signal cut,wrong signal cut,0
726,mediocre app dumbed video meet version clumsy interface significant lack feature expensive anything look crude on entry level,app bad ॥,0
727,the background feature for,or change background ।,0
728,as s sign sign class say idk,want register not,0
729,download app at youtube,download app access unlimited,0
730,application nice need english language...,want that language i,0
731,excellent but mean and,good human interaction,0
732,notifications used like,good work,0
733,fix list invalid invalid id,uses a password option invalid id issue,0
734,app includes virtual character tabs,to get virtual desktop program tabs,0
735,more lately with load episodes queue times,career view list at hulu,0
736,to watch my screen,like black ।,0
737,name name properly,want change and,0
738,app guides call it extremely good,in app conduct through,0
739,find save on,and another save broadcast,0
740,mobile. really terrible long launch date without give preview cause suddenly it meet video audio past,and get a join meet,0
741,secure edge authentication via open zoom,want use ।,0
742,stay long enough connect tv and chromecast,app app long connect off,0
743,load episodes like suppose work perfectly weeks ago update teams with,unable see past it ।,0
744,turn two times ।,want turn to against authentication,0
745,remove profile picture with the issue,of our profile picture,0
746,excellent female conversation,good app for,0
747,try log institutional account enter loop 24 hours fail without actually dying,want login for that account,0
748,unfortunately to room create was,want only their room,0
749,ios apple app android,want download online,0
750,category cricket entertainment category,good boy serials,0
751,sign correct this password will read email password,keep receive know record enter correct password password,0
752,they list episodes here since update,unable get episodes stuff website,0
753,4th class,second class,0
754,bad news camera,want open to,0
755,chat function visit switch group reply personal list see list accidental chat,no switch for personal chat,0
756,bad image only possible,poor weather quality,0
757,windows icon online screen mirror web application,want transmit this he,0
758,test mode single,test mode website,0
759,whose ones connect their ones despite covid,good soul love that,0
760,application disgust now generates sound despite competing samsung galaxy phone,app pressing face issue he,0
761,understand voice operator click click sign button smh,first click sign you,0
762,and provide background video filter option ipad editions,will add background filter from ipad,0
763,background vocals android,longer version need visual background,0
764,though subscription fee safe,... plan expensive,0
765,they can share screen work over android,the share screen...,0
766,water quality better,water quality need and,0
767,let connect to,want it android,0
768,enter blank badge give error,stop error enter status identification code,0
769,8 good movies,poor quality defaulted,0
770,sign acc crazy magazine,english sign language language,0
771,pay espn still offer tv channels of anything,unable use telephone without subscribe by...,0
772,share audio best,the share world tablet,0
773,all sound voice better,sound quality good,0
774,who receive videos are,want receive from,0
775,native indonesian language,national indonesian language and,0
776,the pixel reason seem missing,also use pixel online,0
777,really hard ugly noisey band please use my background phone tablet,want that filter as,0
778,get deep into now,face blank screen then,0
779,color graphics difficult gameplay of character,gameplay with bad weather customise result,0
780,helicopters crash frequently,train crash,0
781,any black screen would,get off screen again,0
782,virtual image come directly from,want for virtual image analytics app,0
783,and add them to orientation screen adjust,want floods my screen,0
784,play tv phone app frequently i play middle segment,app crash software app,0
785,height gain from zoom cloud,want control through cloud,0
786,bad at seven minutes meet,want conduct whereas they,0
787,not to either,i afford app wifi,0
788,game the lot go bad,graphics difficulty level bad,0
789,many wounded hearts always hang,keep keep hang,0
790,problems the record of zoom meet digital tablet please help,will find record,0
791,proving faulty difficult or,could use video,0
792,freeze live stream pop magazine,deep freeze live live,0
793,please make us update app completely time to open,app magazine frequently,0
794,want rate one star when switch audio stereo therefore audio come phone out with tv speaker cast,i switch that stereo,0
795,disable her seat still feel switch key press mic,com turn mic,0
796,love events get people sport events,youth sport,0
797,get unavailable with background music feature,want use your replacement ॥,0
798,they convey material,good convey on,0
799,students remove host interface get stop zoom take all internet speed get low drive,to remove host,0
800,app start and,unable from ios,0
801,good new tool,good app when,0
802,the video zoom meet fix today live on enhancement,apply some video zoom,0
803,iphone apps and,both these apps,0
804,worst ping data is,face app greeting from,0
805,microphone turn for,microphone change automatically,0
806,easy to,easy ।,0
807,many computer functions kindly update,official health issue update,0
808,also add your put before,section add section end note,0
809,arabic translations exist,arabic models exist,0
810,more information,applications recover data,0
811,popular android tablet app lot,training training app need improvement,0
812,some impossible need... cancel soon could,employee cancel account,0
813,data safe because,break safe,0
814,made possible by switch microphone,want your audio about switch microphone,0
815,legend lg girls,unable to school tv,0
816,file blank on log,get blank of the,0
817,learn from keep go meet in person join leave disturb meet,notification of and ring meet,0
818,put animate waste out and,are you gif,0
819,whole site download watch device app app connect,unable unlimited link without internet,0
820,phone signal crash,phone keep be,0
821,nice easy make meet is everyone are in,app company meet,0
822,note the filter android device,want for background filter but,0
823,zoom convenient closer distance is better to,zoom remix,0
824,i suck many times,not bad online,0
825,profile profile,want edit here,0
826,restart to every sunrise,restart program directory issue app,0
827,great experience of zoom want free feature like video background edit option to,want edit and edit option,0
828,third version allow display document by file,mobile version allow to export file,0
829,use live video,use background ॥,0
830,school get year subscription new watch to match,you watch match times,0
831,take long distances where,update... purchases consume,0
832,2013 preveiws put successfully against cringe,app of preview of,0
833,next movie i watch another subtitle,unable to ॥,0
834,know get you,want get you,0
835,blue background on stickers,but add face in,0
836,hear zoom behind you,too close unexpectedly,0
837,to watch record,want watch and,0
838,add none else,only use standard camera,0
839,love videos youtube watch anything,unable access music video,0
840,new morning mobile tablet,secure connect mobile...,0
841,different to something in,mobile version only,0
842,play live work,play store...,0
843,useful convenient for meet at,one app school,0
844,sound music,audio of bad,0
845,thank dear fortune however to integrate voice call chat,others integrate voice call and,0
846,extremely high audio quality also nice,good interior sound,0
847,multiple times pass one,want bar code,0
848,still audio ।,then hear audio a,0
849,kind the app let i keep host,want record done so,0
850,work in devices,work damn,0
851,many countries feature tablet ii,extra health limit feature,0
852,they should always ask switch account please,take an account sign,0
853,know this google,unable ref google,0
854,early versions virtual background filter,we need new background,0
855,new icon menu instead of text port,want access... if,0
856,see previous update,new jersey better,0
857,settings list of,good work,0
858,also all select feature app automatically change background create halo around make outline too unnatural,app audio background,0
859,otp ॥,unable versus none,0
860,wireless app phone website,unable service internet,0
861,large delay in computer keyboard display ।,face delay demonstrate screen video with ipad,0
862,important meet date add new remind notification update come,want that that,0
863,edit film picture,want add up to,0
864,also use apps quite inconvenient in camera still miniature allowed,want zoom... why,0
865,wonderful knowledge help make friends among countries,mutual communication of countries,0
866,good time and launch kid cloud meating,easy use but,0
867,and add passcode option,students get passcode and,0
868,one satellite phone,unable launch hulu only,0
869,useless aap all time tour show closed subscription,unable view content to take on,0
870,art society meettings,2018 join new york,0
871,not much expensive,nothing expensive,0
872,background and waste good...,background singles,0
873,link always copy yet easily copy send meet up information,want copy at meet website information,0
874,connect new ॥,blackberry work iphone,0
875,human tool conference,top class conferences,0
876,really like function switch the devices usually enter cell phone and laptop vice versa,other session devices,0
877,alarm guard and bugle via bluetooth,want my bell bugle phone bluetooth,0
878,share screen on camera ।,mike shut screen until,0
879,request not to set - rotate please,want disable tv save feature,0
880,family background yet,unable reach background image,0
881,they add ukrainian immigration support,want natural language we,0
882,every work way fix statement,support organization work,0
883,3d virtual digital photo,want within your background,0
884,street work,unable in galaxy...,0
885,free emoji bundle download emoji package consume no data,emoji implementation cost decreases because,0
886,does he send a messenges,want more the message,0
887,lot great scenes on stream,2 boys watch show,0
888,download list and internet,want download ।,0
889,try this customer to use,and communicate branch service,0
890,unfortunately zoom simply states android auto will pure rubbish,hyper zoom smart android auto,0
891,hosts use zoom recovery base to individual meet friends members see long time,max zoom as base meet,0
892,guess time the new sport 。,bt app sport,0
893,ship first can catch upgrade upgrade only,commercial work,0
894,great but remote conferences have never glitches ॥,good eats conferences,0
895,look if zoom in instagram,second filter mean,0
896,good pitch control pleasant experience application,higher quality conferences,0
897,digital space connection stable,app good world,0
898,or more like graphics change for need phone,is still unable change character,0
899,quick simple parameter value with,easy...,0
900,fail will delete the - download and,itunes download content,0
901,join important meet regarding zoom with tech,heats enter meet first,0
902,terrible cause these tasks normally crash ridiculously start uninstall install horrible fix,this app designed to crash,0
903,lets watch marvel movies with ott ．,good for marvel boy,0
904,microphone chorus,want use when,0
905,able have a background filter meet,computers use virtual block filter,0
906,english version has compatible web version,unable reach hulu on latest versions,0
907,email enter chat text write second in completely delete over time annoy,quick delete,0
908,lose it video,official audio video,0
909,almost all by [UNK],6 participants same,0
910,on application disgust...,app bad times,0
911,choose now,want choose always,0
912,also team work,want communicate a idea,0
913,sad light disappoint to iphone feature allow full eye background meet,want some background ।,0
914,even the contact book app,multiple contact settings,0
915,subtitle x x,kind of small,0
916,most traveled even below speed internet,face buffer issue from connecting network,0
917,bad weather background the,races change background in,0
918,would indicate a set background android,or put background android to,0
919,camera take shot while load image gallery start videos,app...,0
920,selective service...,each service involved,0
921,good system bug flitter work smart system,app store smart studio,0
922,also remove background from pc possible,want no background,0
923,app screen play youtube,single player play friends,0
924,impossible work computer programming sound system,want one computer,0
925,conferences have 10 minute sound work check text,sound conference national conference,0
926,zoom better ।,app... stable,0
927,worst off show live cricket trophy,unable view chart results,0
928,would awesome implement native picture picture mode video app preview app keep call statement,only native picture mode video should,0
929,program constantly visits internet from,1 crash mobile stable,0
930,with additional feature wallpaper floor replacement,want no replacement he,0
931,unclear border security etc,unclear encryption risk,0
932,delete personal chat rooms options,want our personal chat a,0
933,at yahoo zoom,create content and,0
934,low quality film plus,environmental quality meet,0
935,add arabic mean,add additional application,0
936,integration password seek and remember... re - use simple one use crap websites,product integration under manager,0
937,insert display here,on insert display so,0
938,best writers online winner,good life study,0
939,apps reduce size app current gb data contain erase unnecessary apps update memories delete,slightly reduce size and,0
940,app score get well be,app to get online,0
941,app hack web hack,app of need ii,0
942,hair thick skin with old hair life,hair or,0
943,application version possible part one,app for work,0
944,use disk drive page note to zoom zoom,want your google go use zoom,0
945,2 completely electric touring car,a box drive car,0
946,must subscribe,want use because,0
947,i connect up meet,get her important ॥,0
948,two connect one,nor any headphones,0
949,all bad xd mean,i also need improvement,0
950,the annoy zoom still auto - rotates meet mount even though still auto - rotate set turn,app auto rotate meet even disable automatic rotation mode,0
951,some improve performance once,app performance evaluation §,0
952,good application first please take your log phone,app developers need around 3 log,0
953,super dp zoom ।,want your picture book mode,0
954,well set account try joint zoom meet keep tell switch account button change name if pause,we join meet your name photo,0
955,option 4 →,want delete message wrong time,0
956,sometimes host voice get little gone all away,the voice get loud,0
957,find problem sometimes not work...,receive a password cause,0
958,takes my time install,instal control time second,0
959,the unlock little door in bottom screen,want 1 camera game,0
960,music download content,want know it,0
961,able download digital,want real app,0
962,quality value... miss,as subtitle ।,0
963,forever leave phone run battery quickly always problems from picture quality also always send message message,phone tone battery,0
964,this zoom app wish would address way better view off - center focusing device,data center image center camera device,0
965,use my background ॥,want use my background so,0
966,acces sci,a local people access room,0
967,espn all time,espn business,0
968,zoom and properly,his work,0
969,2010 to reinstall zoom,now reinstall the,0
970,please put down command,want screen another one,0
971,see import class,boys join 1st class,0
972,change for split panel,want me screen,0
973,pay service and,dual use service,0
974,able for user application request kindly look,want all that to,0
975,zoom on app download,want your zoom cloud to,0
976,current resolution low,focal resolution low,0
977,the poor network may,poor electricity system,0
978,app 3 could eventually however include breakout room app,ability breakout 2 present from,0
979,personal password screen,unable to password,0
980,best boys live stream,app itunes live youtube,0
981,check each and same problem could find options camera,want back camera where,0
982,good idea to update notification advance,players update and advance,0
983,otherwise good recordings share with sound along breakout room rock group,good days,0
984,we enable this voice,want every original ।,0
985,impossible enter from,national connect conference,0
986,also sound up progress loud suddenly make sound record louder noisy ॥,sound out loud,0
987,someone can... call,want a call,0
988,or further from record meet smart phone,want me using smart phone,0
989,app and good kids video conference 2012,video 2 bad,0
990,say how fail if,linguistic sign chinese,0
991,recommend for download take lot of access data,mean memory use high,0
992,the break,audio variety,0
993,where take meet,3 remove meet,0
994,feel it excellent and let,zoom or good,0
995,miss happy hotstar ।,hotstar internet experience plus,0
996,i always hot start,app bug load program,0
997,... enter zoom global,leaving the meet room,0
998,file has convenient,file this convenient,0
999,join and meet please check please,unable attend u usa,0
